{
    "0": {
        "precision": 0.9460976979225154,
        "recall": 0.9770003865481253,
        "f1-score": 0.9613007511647809,
        "support": 5174.0
    },
    "1": {
        "precision": 0.93,
        "recall": 0.8459069020866774,
        "f1-score": 0.885962454469039,
        "support": 1869.0
    },
    "accuracy": 0.9422121255146955,
    "macro avg": {
        "precision": 0.9380488489612577,
        "recall": 0.9114536443174013,
        "f1-score": 0.9236316028169099,
        "support": 7043.0
    },
    "weighted avg": {
        "precision": 0.9418258539047416,
        "recall": 0.9422121255146955,
        "f1-score": 0.9413082371048148,
        "support": 7043.0
    }
}